ID,DOCUMENT,LINKS,Yes(Y)/Maybe(M)/No(N),Comments,
-1,Example,,,,
,-1,Example link,N,This is a comment,
41,Gustavo Avitabile,,,,
,60,Bill Byers,n,"Standaard regel, geen links van mensen naar mensen. Zelden echt terecht",
,154,Incomplete Hand-outs,n,"Standaard regel: een glossary is gekoppeld aan een of meer auteurs, we hebben op dit moment nog geen mogelijkhied voor meer auteurs. ",
,140,Lecture Breaks,n,,
,99,Chemistry Quality Eurolabels,n,,
,98,Online Support and Online Assessment for Teaching and Learning Chemistry,n,,
,254,Heinz Krebs,n,,
,65,Hazel J. Wilkins,n,,
,276,Sape Kinderman,n,,
,134,Paola Ambrogi,n,,
,91,Claire McDonnell,n,,
,250,Bernold Hasenknopf,n,,
,92,Michael Seery,n,,
,119,Hans-Georg Kller,n,,
,118,Anthony Smith,n,,
,84,Silvija Markic,n,,
,255,Gebrekidan Tesfamariam,n,,
24,Arnoud Visser,,,,
,11,COACH,n,,
,10,Are there ways to track this using Learning Analytics?,n,Dit is een vraag waarop misschien Arnoud zou willen reageren. De link moet pas ontstaan als hij dit doet.  ,
,27,Centrale inleverplek voor open opdrachen - analyse van de antwoorden door de docent,n,,
,21,Online Schakelen,n,,
,157,FlippedClassroom,n,Natasa heeft nu de P tag ActiveLearning toegevoegd aan deze GP. Misschien is het goed dat jullie dat weten ,
,38,BRAVO,n,,
,78,Interactieve Bta Leeromgeving (IBL),n,,
,91,Claire McDonnell,n,,
,247,Hana trnctov,n,,
,12,SmartVoting,n,,
,137,STEEP: Supporting Technology Enhanced Education Projects,n,,
,82,Hoe kom ik op iTunes U?,n,,
,69,Knowledge clips for active learning,n,,
,250,Bernold Hasenknopf,n,,
,81,Webcolleges (UvA),Y,de koppeling heeft waarde. Natasa heeft een zin toegevoegd op het document Webcolleges om dit duidelijk te maken. ,
,255,Gebrekidan Tesfamariam,n,,
25,Weblectures in AI,,,,
,11,COACH,n,,
,10,Are there ways to track this using Learning Analytics?,n,,
,26,Werkcollege met stemkastjes,n,,
,27,Centrale inleverplek voor open opdrachen - analyse van de antwoorden door de docent,n,,
,21,Online Schakelen,n,,
,157,FlippedClassroom,n,,
,31,Workshop Stemmen tijdens college,n,,
,207,Jeroen Goedkoop,n,,
,112,Workskop Activerend college met inzet van ICT,n,,
,29,Formatieve meerkeuze toetsen om begin kennisniveau te toetsen,n,,
,12,SmartVoting,n,,
,178,Themabijeenkomst: Wiskunde als bachelor steunvak,n,,
,82,Hoe kom ik op iTunes U?,M,,
,69,Knowledge clips for active learning,M,"Weblectures in AI is een GP met hetzelfde doelstelling als dit project, de betrokken personen zijn niet dezelfde",
,81,Webcolleges (UvA),M,Natasa heeft een koppeling gemaakt tussen Webcolleges en Arnoud (zijn expertise in video kan mensen helpen) maar de GP heeft een andere technologie gebruikt dan standaard UvA weblectures ,
26,TPACK - E-Learning Cookbook,,,,
,11,COACH,n,,
,10,Are there ways to track this using Learning Analytics?,n,,
,151,e-Learning in Chemistry,n,,
,12,SmartVoting,n,,
,40,Starfish,n,,
,77,Expertise in Chemistry Teaching - ECTN database,n,,
,98,Online Support and Online Assessment for Teaching and Learning Chemistry,n,,
,137,STEEP: Supporting Technology Enhanced Education Projects,n,,
27,Bill Byers,,,,
,151,e-Learning in Chemistry,n,,
,98,Online Support and Online Assessment for Teaching and Learning Chemistry,yes,Bill Byers is een van de twee editors van het boek waar dit hoofdstuk deel uit van maakt (de tweede editor heeft nog geen profiel in Starfish) ,
,270,"Context, Problem-Based Learning (C-PBL)",yes,Bill Byers is co-auteur van de publicaties van de auteur van dit artikel en is in het artikel geciteerd.  ,
,121,Galina Seitmagzimova,n,,
,65,Hazel J. Wilkins,n,,
,127,Iwona Maciejowska,n,,
,91,Claire McDonnell,n,,
,250,Bernold Hasenknopf,n,,
,92,Michael Seery,n,,
,96,Gustavo Avitabile,n,,
20,Hoe exporteer ik de data na een stemsesstie met clickers?,,,,
,24,Shakespeak - FNWI,n,"Deze vraag gaat over TurningPoint, een alternatief voor Shakespeak",
,153,Teaching by Questioning,n,,
,152,Think-pair-share,n,"Natasa vindt van NO, think-pair-share is een onderwijsmethode (een P glossary) directe verbinding zou verwarend zijn ",Resolved
,22,Can I use different types of clickers in the same voting session?,y,Natasa vindt van YES beide vragen gaan over clickers en het kan nutig zijn als ze op een lijst komen. ,Resolved
,23,Clickers not working?,n,,
,26,Werkcollege met stemkastjes,n,,
,43,Weblectures in AI,n,,
,132,Hoe kan ik inloggen in Tentamenlade?,n,,
,131,Hoe kan ik inloggen in Tentamenlade?,n,,
,27,Centrale inleverplek voor open opdrachen - analyse van de antwoorden door de docent,n,,
,112,Workskop Activerend college met inzet van ICT,m,Natasa vindt van NO - de link via Stemkastjes FNWI UvA is voldoende. ,
,90,Tentamenlade Natuurkunde,n,,
,250,Bernold Hasenknopf,n,,
,29,Formatieve meerkeuze toetsen om begin kennisniveau te toetsen,n,,
21,BRAVO,,,,
,11,COACH,n,,
,151,e-Learning in Chemistry,n,,
,39,Tentamenlade2.5,n,,
,20,Andrea Haker,n,,
,21,Online Schakelen,n,,
,150,Interactive lecturing,n,,
,29,Formatieve meerkeuze toetsen om begin kennisniveau te toetsen,n,bij BRAVO gaat het niet om meerkeuze toetsen en het is een andere toolgebruikt,
,144,Group projects,n,,
,137,STEEP: Supporting Technology Enhanced Education Projects,n,,
,178,Themabijeenkomst: Wiskunde als bachelor steunvak,m,"Natasa vindt van NO - dat was indirect onderdeel van de event, de link via Andre Heck is voldoende",
,102,Is there an English version in Tentamenlade?,n,,
,69,Knowledge clips for active learning,m,in BRAVO zijn pencasts gebruikt als kennisclips - in Knowledge clips zijn geen penkasts gemaakt - alleen het doel is hetzelfde  ,
,81,Webcolleges (UvA),n,Natasa vindt van NO - de link is te duun ,
,90,Tentamenlade Natuurkunde,n,,
,154,Incomplete Hand-outs,n,,
22,Tentamenlade2.5,,,,
,11,COACH,n,,
,151,e-Learning in Chemistry,n,,
,153,Teaching by Questioning,n,,
,38,BRAVO,n,,
,150,Interactive lecturing,n,,
,29,Formatieve meerkeuze toetsen om begin kennisniveau te toetsen,n,,
,40,Starfish,n,,
,77,Expertise in Chemistry Teaching - ECTN database,n,,
,12,SmartVoting,n,,
,137,STEEP: Supporting Technology Enhanced Education Projects,n,,
,178,Themabijeenkomst: Wiskunde als bachelor steunvak,n,,
,102,Is there an English version in Tentamenlade?,Y,,
,69,Knowledge clips for active learning,n,,
,173,De toetscyclus,m,artikel is nog in ontwikkeling maar het kan Yes worden. ,
23,Starfish,,,,
,11,COACH,n,,
,150,Interactive lecturing,n,,
,39,Tentamenlade2.5,n,,
,77,Expertise in Chemistry Teaching - ECTN database,m,"ECTN is een investeerder en het is om wat Starfsh is voor de ECTN community bekend te maken Misschien moet een artikel komen ""How to work in Starfish?"" en dan is die link niet meer direct nodig.  ",
,154,Incomplete Hand-outs,n,,
,31,Workshop Stemmen tijdens college,n,,
,151,e-Learning in Chemistry,n,,
,203,Susan Voogd,n,,
,60,Bill Byers,n,,
,261,Chris Blom,n,,
,238,Christel Verberg,n,,
,115,Werken jullie ook met Starfish,y,,
,285,Test,n,,
,153,Teaching by Questioning,n,,
28,Hazel J. Wilkins,,,,
,151,e-Learning in Chemistry,n,,
,155,Lecture Demonstrations,n,,
,154,Incomplete Hand-outs,n,,
,140,Lecture Breaks,n,,
,262,Emilia Bertolo,n,,
,159,Dragica Trivi,n,,
,98,Online Support and Online Assessment for Teaching and Learning Chemistry,Y,ze heeft een belangrijke bijdrage geleverd voor dit hoofdstuk,
,60,Bill Byers,n,,
,121,Galina Seitmagzimova,n,,
,247,Hana trnctov,n,,
,274,Christine O'Connor,n,,
,184,Abdelkarim Bellafkih,n,,
,91,Claire McDonnell,n,,
,186,Inge Gutschoven,n,,
,250,Bernold Hasenknopf,n,,
,92,Michael Seery,n,,
,161,Mustafa Szbilir,n,,
,84,Silvija Markic,n,,
,96,Gustavo Avitabile,n,,
29,Knowledge clips for active learning,,,,
,151,e-Learning in Chemistry,n,,
,150,Interactive lecturing,n,,
,153,Teaching by Questioning,n,,
,38,BRAVO,m,,
,20,Andrea Haker,n,,
,21,Online Schakelen,y,er zijn clips gemaak voor Pre-master,
,157,FlippedClassroom,m,er is een duidelijke link maar deze is al via de tag gemaakt. ,
,43,Weblectures in AI,n,,
,42,Arnoud Visser,n,,
,29,Formatieve meerkeuze toetsen om begin kennisniveau te toetsen,n,,
,36,Module Supervising Students in Distance Learning,n,maar de link is wel met Online schakelen. Natasa heeft deze nu gemaakt. ,
,82,Hoe kom ik op iTunes U?,y,,
,12,SmartVoting,n,,
,137,STEEP: Supporting Technology Enhanced Education Projects,n,,
,178,Themabijeenkomst: Wiskunde als bachelor steunvak,n,,
,102,Is there an English version in Tentamenlade?,n,,
,154,Incomplete Hand-outs,n,,
0,Natasa Brouwer,,,,
,31,Workshop Stemmen tijdens college,y,,
,60,Bill Byers,n,,
,169,N. Brouwer-Zupancic,n,"beetje rare situatie, dubbele identiteit ",
,134,Paola Ambrogi,n,,
,91,Claire McDonnell,n,,
,92,Michael Seery,n,,
,161,Mustafa Szbilir,n,,
,84,Silvija Markic,n,,
4,Interactief college voor grote groepen met stemsysteem en webcolleges (onderwijs herontwerp),,,,
,24,Shakespeak - FNWI,n,Natasa vindt van NO. De link is indirect: Shakespeak was hier niet gebruikt,
,27,Centrale inleverplek voor open opdrachen - analyse van de antwoorden door de docent,n,,
,207,Jeroen Goedkoop,n,,
,112,Workskop Activerend college met inzet van ICT,m,Events zijn lastig - Natasa vindt dat het Yes zou kunnen zijn omdat deze GP over stemkastejes gaat maar deze wordt niet direct besproken bij de workshop. ,
,43,Weblectures in AI,n,,
,29,Formatieve meerkeuze toetsen om begin kennisniveau te toetsen,n,,
,178,Themabijeenkomst: Wiskunde als bachelor steunvak,n,,
8,SmartVoting,,,,
,151,e-Learning in Chemistry,n,,
,26,Werkcollege met stemkastjes,y,,
,21,Online Schakelen,n,,
,31,Workshop Stemmen tijdens college,y,,
,144,Group projects,n,,
,77,Expertise in Chemistry Teaching - ECTN database,n,,
,112,Workskop Activerend college met inzet van ICT,y,,
,69,Knowledge clips for active learning,n,,
120,Hans Breeuwer,,,,
,11,COACH,n,,
,10,Are there ways to track this using Learning Analytics?,n,,
,12,SmartVoting,n,,
59,STEEP: Supporting Technology Enhanced Education Projects,,,,
,11,COACH,n,,
,10,Are there ways to track this using Learning Analytics?,n,,
,203,Susan Voogd,n,,
,38,BRAVO,n,,
,77,Expertise in Chemistry Teaching - ECTN database,n,,
,210,Floris van Lieshout,n,,
,144,Group projects,n,,
,115,Werken jullie ook met Starfish,n,,
,98,Online Support and Online Assessment for Teaching and Learning Chemistry,n,,
,261,Chris Blom,n,,
,238,Christel Verberg,n,,
,69,Knowledge clips for active learning,n,,
,168,Monique Diks,n,,
,285,Test,n,,
58,Paola Ambrogi,,,,
,92,Michael Seery,n,,
,65,Hazel J. Wilkins,n,,
,159,Dragica Trivi,n,,
,161,Mustafa Szbilir,n,,
,99,Chemistry Quality Eurolabels,n,,
,98,Online Support and Online Assessment for Teaching and Learning Chemistry,n,,
,247,Hana trnctov,n,,
,171,Peer-assessment,n,,
,276,Sape Kinderman,n,,
,91,Claire McDonnell,n,,
,139,Learning on Stations,n,,
,105,Paul Yates,n,,
,119,Hans-Georg Kller,n,,
,118,Anthony Smith,n,,
,84,Silvija Markic,n,,
,96,Gustavo Avitabile,n,,
55,Pita Vandevelde,,,,
,151,e-Learning in Chemistry,n,ze is niet de co-auteur van het artikel. Maar het is wel haar gebied. ,
,154,Incomplete Hand-outs,n,,
,140,Lecture Breaks,n,,
,161,Mustafa Szbilir,n,,
,99,Chemistry Quality Eurolabels,n,,
,98,Online Support and Online Assessment for Teaching and Learning Chemistry,Y,dezelfde reden als bij Hazel Wilkins ,
,184,Abdelkarim Bellafkih,n,,
,274,Christine O'Connor,n,,
,65,Hazel J. Wilkins,n,,
,276,Sape Kinderman,n,,
,91,Claire McDonnell,n,,
,186,Inge Gutschoven,n,,
,250,Bernold Hasenknopf,n,,
,92,Michael Seery,n,,
,119,Hans-Georg Kller,n,,
,118,Anthony Smith,n,,
,84,Silvija Markic,n,,
,96,Gustavo Avitabile,n,,
54,Iwona Maciejowska,,,,
,270,"Context, Problem-Based Learning (C-PBL)",n,,
,251,Community-based Learning,n,,
,262,Emilia Bertolo,n,,
,159,Dragica Trivi,n,,
,230,Marina Stojanovska,n,,
,246,Taylor Philip,n,,
,60,Bill Byers,n,,
,231,Suresh Ramsuroop,n,,
,99,Chemistry Quality Eurolabels,n,,
,98,Online Support and Online Assessment for Teaching and Learning Chemistry,n,,
,247,Hana trnctov,n,,
,259,Eric Schaer,n,,
,161,Mustafa Szbilir,n,,
,91,Claire McDonnell,n,,
,181,Fred Bouwer,n,,
,250,Bernold Hasenknopf,n,,
,92,Michael Seery,n,,
,119,Hans-Georg Kller,n,,
,118,Anthony Smith,n,,
,84,Silvija Markic,n,,
,96,Gustavo Avitabile,n,,
57,Hoe kan ik inloggen in Tentamenlade?,,,,
,11,COACH,n,,
,10,Are there ways to track this using Learning Analytics?,n,,
,39,Tentamenlade2.5,y,,
,12,SmartVoting,n,,
,32,Hoe exporteer ik de data na een stemsesstie met clickers?,n,,
,43,Weblectures in AI,n,,
,29,Formatieve meerkeuze toetsen om begin kennisniveau te toetsen,n,,
,131,Hoe kan ik inloggen in Tentamenlade?,m,"Zou niet moeten bestaan, maar staat twee keer in systeem.",
,26,Werkcollege met stemkastjes,n,,
,102,Is there an English version in Tentamenlade?,y,Natasa vindt van Yes - motivatie vragen over een onderwerp linken. ,
56,Hoe kan ik inloggen in Tentamenlade?,,,,
,11,COACH,n,,
,10,Are there ways to track this using Learning Analytics?,n,,
,39,Tentamenlade2.5,y,,
,12,SmartVoting,n,,
,32,Hoe exporteer ik de data na een stemsesstie met clickers?,n,,
,43,Weblectures in AI,n,,
,29,Formatieve meerkeuze toetsen om begin kennisniveau te toetsen,n,,
,132,Hoe kan ik inloggen in Tentamenlade?,m,,
,26,Werkcollege met stemkastjes,n,,
,102,Is there an English version in Tentamenlade?,y,Natasa vindt van Yes - motivatie vragen over een onderwerp linken. ,
51,Anthony Smith,,,,
,151,e-Learning in Chemistry,n,,
,77,Expertise in Chemistry Teaching - ECTN database,n,,
,26,Werkcollege met stemkastjes,n,,
,27,Centrale inleverplek voor open opdrachen - analyse van de antwoorden door de docent,n,,
,20,Andrea Haker,n,,
,154,Incomplete Hand-outs,n,,
,140,Lecture Breaks,n,,
,43,Weblectures in AI,n,,
,29,Formatieve meerkeuze toetsen om begin kennisniveau te toetsen,n,,
,99,Chemistry Quality Eurolabels,Y,,
,98,Online Support and Online Assessment for Teaching and Learning Chemistry,n,,
,276,Sape Kinderman,n,,
,112,Workskop Activerend college met inzet van ICT,n,,
,119,Hans-Georg Kller,n,,
,84,Silvija Markic,n,,
,96,Gustavo Avitabile,n,,
50,Werken jullie ook met Starfish,,,logisch past deze vraag op de artikel over BKO - daar zou je een discussie over willen hebben. Of dat vanuit structuur te verantwoorden is is het een andere vraag. ,
,11,COACH,n,,
,10,Are there ways to track this using Learning Analytics?,n,,
,203,Susan Voogd,n,,
,12,SmartVoting,n,,
,210,Floris van Lieshout,n,,
,32,Hoe exporteer ik de data na een stemsesstie met clickers?,n,,
,238,Christel Verberg,n,,
,26,Werkcollege met stemkastjes,n,,
,40,Starfish,y,,
,29,Formatieve meerkeuze toetsen om begin kennisniveau te toetsen,n,,
,245,Chiel Kooijman,n,,
,261,Chris Blom,n,,
,168,Monique Diks,n,,
,112,Workskop Activerend college met inzet van ICT,n,,
,82,Hoe kom ik op iTunes U?,n,,
,137,STEEP: Supporting Technology Enhanced Education Projects,m,"Natasa vindt van Yes - ""een"" Starfish was het doel van STEEP project. ",
,285,Test,n,,
,248,Starfish,n,"Natasa vindt van Yes - dat komt ook automatisch, zie boven bij Starfish . Sander van van No, dat komt omdat ""Starfish"" hier de persoon is en niet de term",
53,Galina Seitmagzimova,,,,
,151,e-Learning in Chemistry,n,,
,224,Vladimir Petruevski,n,,
,155,Lecture Demonstrations,n,,
,154,Incomplete Hand-outs,n,,
,140,Lecture Breaks,n,,
,98,Online Support and Online Assessment for Teaching and Learning Chemistry,n,,
,60,Bill Byers,n,,
,262,Emilia Bertolo,n,,
,247,Hana trnctov,n,,
,259,Eric Schaer,n,,
,274,Christine O'Connor,n,,
,65,Hazel J. Wilkins,n,,
,184,Abdelkarim Bellafkih,n,,
,91,Claire McDonnell,n,,
,186,Inge Gutschoven,n,,
,250,Bernold Hasenknopf,n,,
,233,Ameen Farouk Fahmy,n,,
,231,Suresh Ramsuroop,n,,
,246,Taylor Philip,n,,
52,Hans-Georg Kller,,,,
,161,Mustafa Szbilir,n,,
,60,Bill Byers,n,,
,92,Michael Seery,n,,
,149,Low-Cost Experiments,n,,
,99,Chemistry Quality Eurolabels,n,,
,98,Online Support and Online Assessment for Teaching and Learning Chemistry,n,,
,247,Hana trnctov,n,,
,186,Inge Gutschoven,n,,
,65,Hazel J. Wilkins,n,,
,184,Abdelkarim Bellafkih,n,,
,127,Iwona Maciejowska,n,,
,91,Claire McDonnell,n,,
,255,Gebrekidan Tesfamariam,n,,
,118,Anthony Smith,n,,
,84,Silvija Markic,n,,
,96,Gustavo Avitabile,n,,
115,Test,,,niet bepaald een representatief document.,
,11,COACH,n,,
,10,Are there ways to track this using Learning Analytics?,n,,
,203,Susan Voogd,n,,
,12,SmartVoting,n,,
,210,Floris van Lieshout,n,,
,238,Christel Verberg,n,,
,26,Werkcollege met stemkastjes,n,,
,40,Starfish,n,,
,43,Weblectures in AI,n,,
,115,Werken jullie ook met Starfish,n,,
,261,Chris Blom,n,,
,168,Monique Diks,n,,
,112,Workskop Activerend college met inzet van ICT,n,,
,137,STEEP: Supporting Technology Enhanced Education Projects,n,,
,29,Formatieve meerkeuze toetsen om begin kennisniveau te toetsen,n,,
,31,Workshop Stemmen tijdens college,n,,
114,Workplace Learning,,,,
,151,e-Learning in Chemistry,n,,
,150,Interactive lecturing,n,,
,153,Teaching by Questioning,n,,
,154,Incomplete Hand-outs,n,,
,140,Lecture Breaks,n,,
,141,Oral presentations,n,,
,99,Chemistry Quality Eurolabels,n,,
,98,Online Support and Online Assessment for Teaching and Learning Chemistry,n,,
,276,Sape Kinderman,n,,
,119,Hans-Georg Kller,n,,
,118,Anthony Smith,n,,
,84,Silvija Markic,n,,
,96,Gustavo Avitabile,n,,
88,WebEx,,,,
,151,e-Learning in Chemistry,n,,
,150,Interactive lecturing,n,,
,38,BRAVO,n,,
,20,Andrea Haker,n,,
,141,Oral presentations,n,,
,189,Marielle van Staalen,n,Natasa vindt van NO- Marielle is gekoppeld aan de Videoconferncing aan de UvA die gekoppeld is aan WebEx glossary. ,
,36,Module Supervising Students in Distance Learning,y,dat is een event waar Webex was gebruikt maar het blijft twijfel omdat het een event is  ,
,29,Formatieve meerkeuze toetsen om begin kennisniveau te toetsen,n,,
,69,Knowledge clips for active learning,n,,
,81,Webcolleges (UvA),n,,
,257,Bas Giesbers,,,
89,What is TurnitIn?,,,,
,11,COACH,n,,
,10,Are there ways to track this using Learning Analytics?,n,,
,319,TurnitIn licence at the UvA,y,,
,12,SmartVoting,n,,
,157,FlippedClassroom,n,,
,311,Joris Buis,y,Joris is een van de personen die Turnitin gebruiken,
,193,What is iThenitcate?,y,iThenticate en Turnitin zijn in dezelfde familie (software),
,34,Which cloud voting systems can I use?,n,,
111,Context-Problem-Based Learning (C-PBL),,,,
,151,e-Learning in Chemistry,n,,
,60,Bill Byers,y,,
,92,Michael Seery,n,,
,276,Sape Kinderman,n,,
,259,Eric Schaer,n,,
,246,Taylor Philip,n,,
,231,Suresh Ramsuroop,n,,
,99,Chemistry Quality Eurolabels,n,,
,98,Online Support and Online Assessment for Teaching and Learning Chemistry,n,,
,247,Hana trnctov,n,,
,273,Michele A. Floriano,n,,
,184,Abdelkarim Bellafkih,n,,
,127,Iwona Maciejowska,n,,
,91,Claire McDonnell,n,,
,181,Fred Bouwer,n,,
,250,Bernold Hasenknopf,n,,
,251,Community-based Learning,m,,
,119,Hans-Georg Kller,n,,
,118,Anthony Smith,n,,
,84,Silvija Markic,n,,
,96,Gustavo Avitabile,n,,
110,Labster,,,,
,11,COACH,n,,
,10,Are there ways to track this using Learning Analytics?,n,,
,151,e-Learning in Chemistry,,,
,12,SmartVoting,n,,
,142,Virtual Laboratory in Chemical Engineering,y,,
,21,Online Schakelen,n,,
,194,Miltiades (Milt) Karayannis,n,,
,196,Teaching with Analogies (Methaphors),n,,
,28,Shirly Berends-Montero Quesada,n,,
,29,Formatieve meerkeuze toetsen om begin kennisniveau te toetsen,n,,
,40,Starfish,n,,
,98,Online Support and Online Assessment for Teaching and Learning Chemistry,n,,
,137,STEEP: Supporting Technology Enhanced Education Projects,n,,
,20,Andrea Haker,n,,
113,Ray Wallace,,,,
,146,Open-ended experiments,n,,
,60,Bill Byers,n,,
,251,Community-based Learning,n,,
,184,Abdelkarim Bellafkih,n,,
,270,"Context, Problem-Based Learning (C-PBL)",n,,
,161,Mustafa Szbilir,n,,
,149,Low-Cost Experiments,n,,
,99,Chemistry Quality Eurolabels,n,,
,98,Online Support and Online Assessment for Teaching and Learning Chemistry,n,,
,186,Inge Gutschoven,n,,
,65,Hazel J. Wilkins,n,,
,276,Sape Kinderman,n,,
,127,Iwona Maciejowska,n,,
,91,Claire McDonnell,n,,
,92,Michael Seery,n,,
,119,Hans-Georg Kller,n,,
,118,Anthony Smith,n,,
,84,Silvija Markic,n,,
,96,Gustavo Avitabile,n,,
112,Lets Improve Our Assessment Competences (LIOAC),,,,
,11,COACH,n,,
,10,Are there ways to track this using Learning Analytics?,n,,
,144,Group projects,n,,
,12,SmartVoting,n,,
,21,Online Schakelen,n,,
,141,Oral presentations,n,,
,134,Paola Ambrogi,n,,
,98,Online Support and Online Assessment for Teaching and Learning Chemistry,n,,
,137,STEEP: Supporting Technology Enhanced Education Projects,n,,
,262,Emilia Bertolo,n,,
,127,Iwona Maciejowska,n,,
,69,Knowledge clips for active learning,n,,
,224,Vladimir Petruevski,n,,
,230,Marina Stojanovska,n,,
,171,Peer-assessment,n,,
82,De toetscyclus,,,,
,203,Susan Voogd,y,"lastig geval, eigenlijk alleen als je op dezelfde faculteit zit als Susan - > Natasa vind van Yes. Susan is de auteur en hierdoor de aanspreekpunt  (als ik dat niet van een of andere reden wil zijn maak nu ik Starfish als auteur). Bij Glossaries hebben we een optie nodig van meerdere auteurs. ",
,38,BRAVO,n,,
,21,Online Schakelen,n,,
,31,Workshop Stemmen tijdens college,n,,
,112,Workskop Activerend college met inzet van ICT,n,,
,29,Formatieve meerkeuze toetsen om begin kennisniveau te toetsen,n,het artikel Toetscyclus is nog niet klaar ,
,43,Weblectures in AI,n,,
,27,Centrale inleverplek voor open opdrachen - analyse van de antwoorden door de docent,n,,
,26,Werkcollege met stemkastjes,n,,
,178,Themabijeenkomst: Wiskunde als bachelor steunvak,n,,
,102,Is there an English version in Tentamenlade?,n,,
,90,Tentamenlade Natuurkunde,n,,
83,Is het volgen van de toetscyclus verplicht?,,,,
,11,COACH,n,,
,10,Are there ways to track this using Learning Analytics?,n,,
,26,Werkcollege met stemkastjes,n,,
,12,SmartVoting,n,,
,207,Jeroen Goedkoop,n,,
,31,Workshop Stemmen tijdens college,n,,
,178,Themabijeenkomst: Wiskunde als bachelor steunvak,n,,
,43,Weblectures in AI,n,,
,29,Formatieve meerkeuze toetsen om begin kennisniveau te toetsen,m,,
,112,Workskop Activerend college met inzet van ICT,n,,
80,Mustafa Szbilir,,,,
,259,Eric Schaer,n,,
,230,Marina Stojanovska,n,,
,134,Paola Ambrogi,n,,
,231,Suresh Ramsuroop,n,,
,99,Chemistry Quality Eurolabels,n,,
,98,Online Support and Online Assessment for Teaching and Learning Chemistry,n,,
,247,Hana trnctov,n,,
,273,Michele A. Floriano,n,,
,274,Christine O'Connor,n,,
,246,Taylor Philip,n,,
,127,Iwona Maciejowska,n,,
,91,Claire McDonnell,n,,
,181,Fred Bouwer,n,,
,250,Bernold Hasenknopf,n,,
,92,Michael Seery,n,,
,119,Hans-Georg Kller,n,,
,118,Anthony Smith,n,,
,84,Silvija Markic,n,,
,96,Gustavo Avitabile,n,,
81,Peer-assessment,,,,
,151,e-Learning in Chemistry,n,,
,153,Teaching by Questioning,n,,
,154,Incomplete Hand-outs,n,,
,140,Lecture Breaks,n,,
,141,Oral presentations,n,,
,99,Chemistry Quality Eurolabels,n,,
,98,Online Support and Online Assessment for Teaching and Learning Chemistry,n,,
,276,Sape Kinderman,n,een regel kan zijn dat alleen personen die auteurs zijn van een glossary item in See also staan en bij informatie item de personen die als contact persoon werken of op dat gebied een good practice hebben. ,
,134,Paola Ambrogi,n,,
,118,Anthony Smith,n,,
,84,Silvija Markic,n,,
,96,Gustavo Avitabile,n,,
119,TurnitIn licence at the UvA,,,,
,24,Shakespeak - FNWI,n,,
,27,Centrale inleverplek voor open opdrachen - analyse van de antwoorden door de docent,n,Natasa vindt NO - bij deze GP was geen Turnitin gebruikt. De verbinding is via peer-feedback en dat is een nood verder. ,
,81,Webcolleges (UvA),n,,
,141,Oral presentations,n,,
,158,Peer-instruction,n,,
,31,Workshop Stemmen tijdens college,n,,
,42,Arnoud Visser,n,,
,192,What is TurnitIn?,y,,
,111,Videoconferencing using WebEx at UvA,n,,
,312,Turnitin,y,,
,82,Hoe kom ik op iTunes U?,n,,
,69,Knowledge clips for active learning,n,,
,189,Marielle van Staalen,n,,
,171,Peer-assessment,m,"maar het is de info van een glossary, raar dat die er is in dit geval. Iets met communities? Hoe dan ook deze link niet toevoegen in de site, maar hij klopt wel. 
Natasa vindt van NO: dat werkt in elk geval niet in beide richtingen. Peer-assessment kan gekoppeld worden aan deze item maar NIET andersom. Koppeling met de glossary Turnitin kan via de tag en glossary Turntin is gekoppeld aan GP Tutnitin met See also en aan de vraag over licentie (See also). GP Turnitin is gekoppeld aan Peer-assessment met de tag. ",
118,Turnitin,,,,
,151,e-Learning in Chemistry,n,,
,150,Interactive lecturing,n,,
,319,TurnitIn licence at the UvA,y,,
,27,Centrale inleverplek voor open opdrachen - analyse van de antwoorden door de docent,n,Natasa vindt van NO - bij deze GP is geen Turnitin gebruikt. De link is geenoeg via P tag. ,
,154,Incomplete Hand-outs,n,,
,141,Oral presentations,n,,
,158,Peer-instruction,n,,
,31,Workshop Stemmen tijdens college,n,,
,153,Teaching by Questioning,n,,
,171,Peer-assessment,m,"maar het is de info van een glossary, raar dat die er is in dit geval. Iets met communities? Hoe dan ook deze link niet toevoegen in de site, maar hij klopt wel
Natasa vindt NO - dat kan via tags. Zie boven",
84,Themabijeenkomst: Wiskunde als bachelor steunvak,,,,
,39,Tentamenlade2.5,n,,
,38,BRAVO,n,Natasa vindt NO - zie boven bij BRAVO,
,20,Andrea Haker,n,,
,21,Online Schakelen,n,,
,31,Workshop Stemmen tijdens college,n,,
,112,Workskop Activerend college met inzet van ICT,n,,
,29,Formatieve meerkeuze toetsen om begin kennisniveau te toetsen,n,"Natasa vindt NO - een link van GP naar Themabijeenkomst zou denk ik wel zinvol zijn, andersom zie ik dit niet omdat deze concrete GP geen onderwerp was van de event. ",
,43,Weblectures in AI,n,,
,27,Centrale inleverplek voor open opdrachen - analyse van de antwoorden door de docent,n,,
,26,Werkcollege met stemkastjes,n,,
,90,Tentamenlade Natuurkunde,n,,
,102,Is there an English version in Tentamenlade?,n,,
,69,Knowledge clips for active learning,n,,
,81,Webcolleges (UvA),n,,
,173,De toetscyclus,m,dat weten we als de item de toetscyclus klaar is. ,
85,Abdelkarim Bellafkih,,,,
,146,Open-ended experiments,n,als regel bij personen: in See also is een alleen artikelen naar de auteur van het artikel of als ze lokaal contactpersoon zijn voor een tool of methode en dat moet dan ook alleen lokaal (met een inlog) zichtbaar zijn. ,
,151,e-Learning in Chemistry,n,,
,144,Group projects,n,,
,149,Low-Cost Experiments,n,,
,99,Chemistry Quality Eurolabels,n,,
,98,Online Support and Online Assessment for Teaching and Learning Chemistry,n,,
,231,Suresh Ramsuroop,n,,
,186,Inge Gutschoven,n,,
,65,Hazel J. Wilkins,n,,
,276,Sape Kinderman,n,,
,91,Claire McDonnell,n,,
,129,Pita Vandevelde,n,,
,250,Bernold Hasenknopf,n,,
,251,Community-based Learning,n,,
,119,Hans-Georg Kller,n,,
,118,Anthony Smith,n,,
,84,Silvija Markic,n,,
,96,Gustavo Avitabile,n,,
3,Wat is het verschil tussen Learning Analytics en TTL,,,,
,26,Werkcollege met stemkastjes,n,,
,38,BRAVO,n,,
,14,Sander Latour,n,,
,31,Workshop Stemmen tijdens college,n,,
,112,Workskop Activerend college met inzet van ICT,n,,
,29,Formatieve meerkeuze toetsen om begin kennisniveau te toetsen,n,,
,43,Weblectures in AI,n,,
,76,Is there a project document / proposal available?,n,,
,27,Centrale inleverplek voor open opdrachen - analyse van de antwoorden door de docent,n,,
,178,Themabijeenkomst: Wiskunde als bachelor steunvak,n,,
,102,Is there an English version in Tentamenlade?,n,,
,90,Tentamenlade Natuurkunde,n,,
7,COACH,,,,
,151,e-Learning in Chemistry,n,,
,39,Tentamenlade2.5,n,,
,38,BRAVO,m,"Is BRAVO voorloper van COACH materiaal?
ja in zekere zin klopt dit. Natasa vindt van NO: de link is via enkele tags gemaakt: SOWISO, Mathematics, toetsgesstuurd leren en via Andr√©. Dat zou voldoende moeten zijn om de link tussen deze twee projecten te vinden. Een ander soort link is tussen STEEP en SmartVoting en STEEP en Online Schakelen. Daar ging om directe samenwerking.     ",
,14,Sander Latour,y,,
,144,Group projects,n,,
,40,Starfish,n,,
,12,SmartVoting,n,,
,137,STEEP: Supporting Technology Enhanced Education Projects,n,,
,102,Is there an English version in Tentamenlade?,n,,
,90,Tentamenlade Natuurkunde,n,,
,173,De toetscyclus,n,,
,153,Teaching by Questioning,n,,
,21,Online Schakelen,n,,
108,Heinz Krebs,,,,
,151,e-Learning in Chemistry,n,,
,60,Bill Byers,n,,
,194,Miltiades (Milt) Karayannis,n,,
,99,Chemistry Quality Eurolabels,n,,
,98,Online Support and Online Assessment for Teaching and Learning Chemistry,n,,
,186,Inge Gutschoven,n,,
,65,Hazel J. Wilkins,n,,
,91,Claire McDonnell,n,,
,235,Egbert Mulder,n,,
,250,Bernold Hasenknopf,n,,
,233,Ameen Farouk Fahmy,n,,
,84,Silvija Markic,n,,
,96,Gustavo Avitabile,n,,
109,Gebrekidan Tesfamariam,,,,
,146,Open-ended experiments,n,,
,270,"Context, Problem-Based Learning (C-PBL)",n,,
,151,e-Learning in Chemistry,n,,
,98,Online Support and Online Assessment for Teaching and Learning Chemistry,n,,
,119,Hans-Georg Kller,n,,
,246,Taylor Philip,n,,
,60,Bill Byers,n,,
,99,Chemistry Quality Eurolabels,n,,
,114,SALIS,n,,
,247,Hana trnctov,n,,
,273,Michele A. Floriano,n,,
,186,Inge Gutschoven,n,,
,184,Abdelkarim Bellafkih,n,,
,91,Claire McDonnell,n,,
,250,Bernold Hasenknopf,n,,
,233,Ameen Farouk Fahmy,n,,
,230,Marina Stojanovska,n,,
,161,Mustafa Szbilir,n,,
,84,Silvija Markic,n,,
,96,Gustavo Avitabile,n,,
102,Jorn Blom,,,,
,11,COACH,n,,
,10,Are there ways to track this using Learning Analytics?,n,,
,12,SmartVoting,n,,
103,Taylor Philip,,,,
,161,Mustafa Szbilir,n,,
,270,"Context, Problem-Based Learning (C-PBL)",n,,
,144,Group projects,n,,
,251,Community-based Learning,n,,
,231,Suresh Ramsuroop,n,,
,99,Chemistry Quality Eurolabels,n,,
,98,Online Support and Online Assessment for Teaching and Learning Chemistry,n,,
,247,Hana trnctov,n,,
,273,Michele A. Floriano,n,,
,274,Christine O'Connor,n,,
,184,Abdelkarim Bellafkih,n,,
,91,Claire McDonnell,n,,
,181,Fred Bouwer,n,,
,250,Bernold Hasenknopf,n,,
,92,Michael Seery,n,,
,119,Hans-Georg Kller,n,,
,118,Anthony Smith,n,,
,84,Silvija Markic,n,,
,96,Gustavo Avitabile,n,,
100,Ameen Farouk Fahmy,,,,
,161,Mustafa Szbilir,n,,
,270,"Context, Problem-Based Learning (C-PBL)",n,,
,145,Student portfolio,n,,
,184,Abdelkarim Bellafkih,n,,
,121,Galina Seitmagzimova,n,,
,247,Hana trnctov,n,,
,60,Bill Byers,n,,
,231,Suresh Ramsuroop,n,,
,99,Chemistry Quality Eurolabels,n,,
,98,Online Support and Online Assessment for Teaching and Learning Chemistry,n,,
,254,Heinz Krebs,n,,
,186,Inge Gutschoven,n,,
,65,Hazel J. Wilkins,n,,
,262,Emilia Bertolo,n,,
,91,Claire McDonnell,n,,
,274,Christine O'Connor,n,,
,92,Michael Seery,n,,
,119,Hans-Georg Kller,n,,
,118,Anthony Smith,n,,
,84,Silvija Markic,n,,
,96,Gustavo Avitabile,n,,
101,Egbert Mulder,,,,
,151,e-Learning in Chemistry,n,,
,159,Dragica Trivi,n,,
,194,Miltiades (Milt) Karayannis,n,,
,161,Mustafa Szbilir,n,,
,60,Bill Byers,n,,
,98,Online Support and Online Assessment for Teaching and Learning Chemistry,n,,
,247,Hana trnctov,n,,
,168,Monique Diks,n,,
,84,Silvija Markic,n,,
,276,Sape Kinderman,n,,
,127,Iwona Maciejowska,n,,
,91,Claire McDonnell,n,,
,250,Bernold Hasenknopf,n,,
,92,Michael Seery,n,,
,118,Anthony Smith,n,,
,254,Heinz Krebs,n,,
,96,Gustavo Avitabile,n,,
106,Bernold Hasenknopf,,,,
,151,e-Learning in Chemistry,n,,
,153,Teaching by Questioning,n,,
,155,Lecture Demonstrations,n,,
,154,Incomplete Hand-outs,n,,
,140,Lecture Breaks,n,,
,262,Emilia Bertolo,n,,
,159,Dragica Trivi,n,,
,98,Online Support and Online Assessment for Teaching and Learning Chemistry,n,,
,149,Low-Cost Experiments,n,,
,60,Bill Byers,n,,
,121,Galina Seitmagzimova,n,,
,247,Hana trnctov,n,,
,186,Inge Gutschoven,n,,
,65,Hazel J. Wilkins,n,,
,184,Abdelkarim Bellafkih,n,,
,127,Iwona Maciejowska,n,,
,91,Claire McDonnell,n,,
,92,Michael Seery,n,,
,161,Mustafa Szbilir,n,,
107,Community-based Learning,,,,
,151,e-Learning in Chemistry,n,,
,150,Interactive lecturing,n,,
,153,Teaching by Questioning,n,,
,154,Incomplete Hand-outs,n,,
,140,Lecture Breaks,n,,
,141,Oral presentations,n,,
,99,Chemistry Quality Eurolabels,n,,
,98,Online Support and Online Assessment for Teaching and Learning Chemistry,n,,
,276,Sape Kinderman,n,,
,119,Hans-Georg Kller,n,,
,118,Anthony Smith,n,,
,84,Silvija Markic,n,,
,96,Gustavo Avitabile,n,,
104,Hana trnctov,,,,
,146,Open-ended experiments,n,,
,155,Lecture Demonstrations,n,,
,154,Incomplete Hand-outs,n,,
,140,Lecture Breaks,n,,
,262,Emilia Bertolo,n,,
,98,Online Support and Online Assessment for Teaching and Learning Chemistry,n,,
,161,Mustafa Szbilir,n,,
,270,"Context, Problem-Based Learning (C-PBL)",n,,
,121,Galina Seitmagzimova,n,,
,273,Michele A. Floriano,n,,
,274,Christine O'Connor,n,,
,65,Hazel J. Wilkins,n,,
,246,Taylor Philip,n,,
,127,Iwona Maciejowska,n,,
,91,Claire McDonnell,n,,
,181,Fred Bouwer,n,,
,250,Bernold Hasenknopf,n,,
,92,Michael Seery,n,,
,231,Suresh Ramsuroop,n,,
,84,Silvija Markic,n,,
,255,Gebrekidan Tesfamariam,n,,
105,Starfish,,,"Natasa: Er is al een ID 23 die heet Starfish, (Sander: Ja, maar er is een persoon Starfish en een concept Starfish)",
,11,COACH,n,,
,10,Are there ways to track this using Learning Analytics?,n,,
,151,e-Learning in Chemistry,n,,
,12,SmartVoting,n,,
,77,Expertise in Chemistry Teaching - ECTN database,n,,
,153,Teaching by Questioning,n,,
,115,Werken jullie ook met Starfish,y,,
,137,STEEP: Supporting Technology Enhanced Education Projects,y,,
,251,Community-based Learning,n,,
,245,Chiel Kooijman,y,,
39,Claire McDonnell,,,,
,60,Bill Byers,n,,
,144,Group projects,n,Ze is niet de auteur van dit item maar wel expert op dit gebied. De link is via de tag. ,
,155,Lecture Demonstrations,n,,
,154,Incomplete Hand-outs,n,,
,140,Lecture Breaks,n,,
,121,Galina Seitmagzimova,n,,
,270,"Context, Problem-Based Learning (C-PBL)",n,link via de tags is ook met de item die zij heeft geschreven. ,
,262,Emilia Bertolo,n,,
,247,Hana trnctov,n,,
,273,Michele A. Floriano,n,,
,274,Christine O'Connor,n,,
,65,Hazel J. Wilkins,n,,
,184,Abdelkarim Bellafkih,n,,
,250,Bernold Hasenknopf,n,,
,92,Michael Seery,n,,
,161,Mustafa Szbilir,n,,
,84,Silvija Markic,n,,
,246,Taylor Philip,n,,
38,Tentamenlade Natuurkunde,,,,
,11,COACH,n,,
,26,Werkcollege met stemkastjes,n,,
,38,BRAVO,n,,
,21,Online Schakelen,n,,
,207,Jeroen Goedkoop,y,Natasa vindt van Yes. Jeroen heeft dit project (meer dan andere) initieert. Het blijft lastig omdat achter alle (grote en SURF) projecten ook een directeur in principe moet staan.   ,
,31,Workshop Stemmen tijdens college,n,,
,112,Workskop Activerend college met inzet van ICT,n,,
,29,Formatieve meerkeuze toetsen om begin kennisniveau te toetsen,n,,
,43,Weblectures in AI,n,,
,27,Centrale inleverplek voor open opdrachen - analyse van de antwoorden door de docent,n,,
,168,Monique Diks,n,,
,178,Themabijeenkomst: Wiskunde als bachelor steunvak,n,,
,173,De toetscyclus,n,dat zien we nog,
33,Webcolleges (UvA),,,,
,151,e-Learning in Chemistry,n,,
,150,Interactive lecturing,n,,
,153,Teaching by Questioning,n,,
,38,BRAVO,n,,
,20,Andrea Haker,n,,
,21,Online Schakelen,n,,
,157,FlippedClassroom,n,,
,140,Lecture Breaks,n,,
,43,Weblectures in AI,m,zie comment bij deze GP,
,42,Arnoud Visser,m,zie comment bij Arnoud,
,29,Formatieve meerkeuze toetsen om begin kennisniveau te toetsen,n,,
,36,Module Supervising Students in Distance Learning,n,,
,77,Expertise in Chemistry Teaching - ECTN database,n,,
,137,STEEP: Supporting Technology Enhanced Education Projects,n,,
,178,Themabijeenkomst: Wiskunde als bachelor steunvak,n,,
,102,Is there an English version in Tentamenlade?,n,,
,154,Incomplete Hand-outs,n,,
32,Interactieve Bta Leeromgeving (IBL),,,,
,150,Interactive lecturing,n,,
,39,Tentamenlade2.5,n,,
,12,SmartVoting,n,,
,157,FlippedClassroom,n,,
,158,Peer-instruction,n,,
,45,TPACK - E-Learning Cookbook,n,Natasa vindt van NO ,
,40,Starfish,n,,
,137,STEEP: Supporting Technology Enhanced Education Projects,n,,
,112,Workskop Activerend college met inzet van ICT,n,,
,69,Knowledge clips for active learning,n,,
31,Expertise in Chemistry Teaching - ECTN database,,,,
,151,e-Learning in Chemistry,n,,
,150,Interactive lecturing,n,,
,153,Teaching by Questioning,n,,
,154,Incomplete Hand-outs,n,,
,194,Miltiades (Milt) Karayannis,n,,
,40,Starfish,n,,
,98,Online Support and Online Assessment for Teaching and Learning Chemistry,n,,
,137,STEEP: Supporting Technology Enhanced Education Projects,n,,
,84,Silvija Markic,n,,
,276,Sape Kinderman,n,,
,235,Egbert Mulder,n,,
,118,Anthony Smith,n,,
,254,Heinz Krebs,n,,
,96,Gustavo Avitabile,n,,
30,Is there a project document / proposal available?,,,,
,150,Interactive lecturing,n,,
,144,Group projects,n,,
,38,BRAVO,n,,
,14,Sander Latour,y,,
,40,Starfish,n,,
,60,Bill Byers,n,,
,12,SmartVoting,n,,
,137,STEEP: Supporting Technology Enhanced Education Projects,n,,
,101,Could you add a link to the open source code?,n,,
,178,Themabijeenkomst: Wiskunde als bachelor steunvak,n,,
,92,Michael Seery,n,,
,78,Interactieve Bta Leeromgeving (IBL),n,,
37,How can I Ask a question?,,,"this should not be in the system anymore, Natasa: ? - het kan alleen als je ingelogd bent",
,11,COACH,n,,
,10,Are there ways to track this using Learning Analytics?,n,,
,153,Teaching by Questioning,n,,
,12,SmartVoting,n,,
,158,Peer-instruction,n,,
,242,Jorn Blom,n,,
,24,Shakespeak - FNWI,n,,
36,Silvija Markic,,,,
,270,"Context, Problem-Based Learning (C-PBL)",,,
,92,Michael Seery,n,,
,230,Marina Stojanovska,n,,
,134,Paola Ambrogi,n,,
,161,Mustafa Szbilir,n,,
,99,Chemistry Quality Eurolabels,n,,
,98,Online Support and Online Assessment for Teaching and Learning Chemistry,n,,
,247,Hana trnctov,n,,
,65,Hazel J. Wilkins,n,,
,276,Sape Kinderman,n,,
,127,Iwona Maciejowska,n,,
,91,Claire McDonnell,n,,
,129,Pita Vandevelde,n,,
,224,Vladimir Petruevski,n,,
,119,Hans-Georg Kller,n,,
,118,Anthony Smith,n,,
,96,Gustavo Avitabile,n,,
35,Hoe zit het met auteursrechten bij gebruik van video?,,,,
,11,COACH,n,,
,10,Are there ways to track this using Learning Analytics?,n,,
,26,Werkcollege met stemkastjes,n,,
,12,SmartVoting,n,,
,207,Jeroen Goedkoop,n,,
,31,Workshop Stemmen tijdens college,n,,
,112,Workskop Activerend college met inzet van ICT,n,,
,43,Weblectures in AI,m,dat si een relevant punt voor deze GP - maar GP besteed geen aandacht aan. ,
,29,Formatieve meerkeuze toetsen om begin kennisniveau te toetsen,n,,
,178,Themabijeenkomst: Wiskunde als bachelor steunvak,n,,
34,Hoe kom ik op iTunes U?,,,,
,11,COACH,n,,
,10,Are there ways to track this using Learning Analytics?,n,,
,26,Werkcollege met stemkastjes,n,,
,12,SmartVoting,n,,
,207,Jeroen Goedkoop,n,,
,157,FlippedClassroom,n,,
,31,Workshop Stemmen tijdens college,n,,
,112,Workskop Activerend college met inzet van ICT,n,,
,42,Arnoud Visser,n,,
,43,Weblectures in AI,n,,
,29,Formatieve meerkeuze toetsen om begin kennisniveau te toetsen,n,,
,27,Centrale inleverplek voor open opdrachen - analyse van de antwoorden door de docent,n,,
,178,Themabijeenkomst: Wiskunde als bachelor steunvak,n,,
,69,Knowledge clips for active learning,m,"deze vraag is relevant voor dit project, het project is nog niet afgerond, misschien wordt de link nog gemaakt",
,90,Tentamenlade Natuurkunde,n,,
60,Learning on Stations,,,,
,151,e-Learning in Chemistry,n,,
,150,Interactive lecturing,n,,
,153,Teaching by Questioning,n,,
,154,Incomplete Hand-outs,n,,
,140,Lecture Breaks,n,,
,99,Chemistry Quality Eurolabels,n,,
,98,Online Support and Online Assessment for Teaching and Learning Chemistry,n,,
,276,Sape Kinderman,n,,
,134,Paola Ambrogi,n,,
,119,Hans-Georg Kller,n,,
,118,Anthony Smith,n,,
,84,Silvija Markic,n,,
,96,Gustavo Avitabile,n,,
61,Lecture Breaks,,,,
,151,e-Learning in Chemistry,n,,
,153,Teaching by Questioning,n,,
,155,Lecture Demonstrations,n,,
,154,Incomplete Hand-outs,n,,
,262,Emilia Bertolo,n,,
,121,Galina Seitmagzimova,n,,
,247,Hana trnctov,n,,
,274,Christine O'Connor,n,,
,65,Hazel J. Wilkins,n,,
,276,Sape Kinderman,n,,
,91,Claire McDonnell,n,,
,118,Anthony Smith,n,,
,96,Gustavo Avitabile,n,,
62,Oral presentations,,,,
,151,e-Learning in Chemistry,n,,
,153,Teaching by Questioning,n,,
,154,Incomplete Hand-outs,n,,
,99,Chemistry Quality Eurolabels,n,,
,98,Online Support and Online Assessment for Teaching and Learning Chemistry,n,,
,171,Peer-assessment,n,,
,276,Sape Kinderman,n,,
,134,Paola Ambrogi,n,,
,119,Hans-Georg Kller,n,,
,118,Anthony Smith,n,,
,84,Silvija Markic,n,,
,96,Gustavo Avitabile,n,,
63,Virtual Laboratory in Chemical Engineering,,,,
,151,e-Learning in Chemistry,m,"hier is een inhoudelijke link, e-learning kan je zie als een hoger liggende begrip in een boom",
,147,Journalist Method,n,,
,144,Group projects,n,,
,145,Student portfolio,n,,
,140,Lecture Breaks,n,,
,141,Oral presentations,n,,
,148,Role-Play,n,,
,231,Suresh Ramsuroop,n,,
,98,Online Support and Online Assessment for Teaching and Learning Chemistry,n,,
,259,Eric Schaer,n,,
,65,Hazel J. Wilkins,n,,
,276,Sape Kinderman,n,,
,91,Claire McDonnell,n,,
,118,Anthony Smith,n,,
64,Workbook on Organic Chemistry,,,,
,151,e-Learning in Chemistry,m,zie 63,
,60,Bill Byers,n,,
,145,Student portfolio,n,,
,154,Incomplete Hand-outs,n,,
,140,Lecture Breaks,n,,
,141,Oral presentations,n,,
,99,Chemistry Quality Eurolabels,n,,
,98,Online Support and Online Assessment for Teaching and Learning Chemistry,n,,
,186,Inge Gutschoven,n,,
,276,Sape Kinderman,n,,
,119,Hans-Georg Kller,n,,
,118,Anthony Smith,n,,
,84,Silvija Markic,n,,
,96,Gustavo Avitabile,n,,
65,Group projects,,,,
,151,e-Learning in Chemistry,n,,
,270,"Context, Problem-Based Learning (C-PBL)",m,deze twee methodes hebben misschien iets met elkaar te maken,
,150,Interactive lecturing,n,,
,12,SmartVoting,n,,
,142,Virtual Laboratory in Chemical Engineering,n,,
,262,Emilia Bertolo,n,,
,259,Eric Schaer,n,,
,246,Taylor Philip,n,,
,141,Oral presentations,n,,
,231,Suresh Ramsuroop,n,,
,99,Chemistry Quality Eurolabels,n,,
,98,Online Support and Online Assessment for Teaching and Learning Chemistry,n,,
,273,Michele A. Floriano,n,,
,137,STEEP: Supporting Technology Enhanced Education Projects,n,,
,184,Abdelkarim Bellafkih,n,,
,181,Fred Bouwer,n,,
,119,Hans-Georg Kller,n,,
,118,Anthony Smith,n,,
,84,Silvija Markic,n,,
,96,Gustavo Avitabile,n,,
66,Student portfolio,,,,
,151,e-Learning in Chemistry,n,,
,153,Teaching by Questioning,n,,
,142,Virtual Laboratory in Chemical Engineering,n,,
,143,Workbook on Organic Chemistry,n,,
,99,Chemistry Quality Eurolabels,n,,
,98,Online Support and Online Assessment for Teaching and Learning Chemistry,n,,
,186,Inge Gutschoven,n,,
,276,Sape Kinderman,n,,
,154,Incomplete Hand-outs,n,,
,233,Ameen Farouk Fahmy,n,,
,119,Hans-Georg Kller,n,,
,118,Anthony Smith,n,,
,84,Silvija Markic,n,,
,96,Gustavo Avitabile,n,,
67,Open-ended experiments,,,,
,151,e-Learning in Chemistry,n,,
,276,Sape Kinderman,n,,
,114,SALIS,n,,
,149,Low-Cost Experiments,n,,
,99,Chemistry Quality Eurolabels,n,,
,98,Online Support and Online Assessment for Teaching and Learning Chemistry,n,,
,186,Inge Gutschoven,n,,
,65,Hazel J. Wilkins,n,,
,184,Abdelkarim Bellafkih,n,,
,139,Learning on Stations,n,,
,118,Anthony Smith,n,,
,84,Silvija Markic,n,,
,96,Gustavo Avitabile,n,,
68,Journalist Method,,,,
,151,e-Learning in Chemistry,n,,
,153,Teaching by Questioning,n,,
,142,Virtual Laboratory in Chemical Engineering,n,,
,154,Incomplete Hand-outs,n,,
,140,Lecture Breaks,n,,
,141,Oral presentations,n,,
,148,Role-Play,n,,
,121,Galina Seitmagzimova,n,,
,65,Hazel J. Wilkins,n,,
,276,Sape Kinderman,n,,
,91,Claire McDonnell,n,,
,118,Anthony Smith,n,,
,96,Gustavo Avitabile,n,,
69,Role-Play,,,,
,151,e-Learning in Chemistry,n,,
,147,Journalist Method,n,,
,153,Teaching by Questioning,n,,
,142,Virtual Laboratory in Chemical Engineering,n,,
,154,Incomplete Hand-outs,n,,
,140,Lecture Breaks,n,,
,121,Galina Seitmagzimova,n,,
,65,Hazel J. Wilkins,n,,
,276,Sape Kinderman,n,,
,91,Claire McDonnell,n,,
,118,Anthony Smith,n,,
,96,Gustavo Avitabile,n,,
2,Erwin van Vliet,,,,
,24,Shakespeak - FNWI,n,,
,12,SmartVoting,n,,
,31,Workshop Stemmen tijdens college,Y,hij gaf een presentatie en was direct betrokken. Natasa heeft direct de link gemaakt,
,43,Weblectures in AI,n,,
,29,Formatieve meerkeuze toetsen om begin kennisniveau te toetsen,n,,
,83,Hoe zit het met auteursrechten bij gebruik van video?,n,de link past bij de GP maar dan net zo als bij de GP Weblectures bij AI ,
6,Zijn er nieuwe voorbeelden bij de FNWI over peer-instruction?,,,,
,11,COACH,n,,
,10,Are there ways to track this using Learning Analytics?,n,,
,27,Centrale inleverplek voor open opdrachen - analyse van de antwoorden door de docent,n,,
,14,Sander Latour,n,,
,207,Jeroen Goedkoop,n,,
,112,Workskop Activerend college met inzet van ICT,m,het doel van dit even was nieuwe voorbeelden te genereren ,
,43,Weblectures in AI,n,,
,29,Formatieve meerkeuze toetsen om begin kennisniveau te toetsen,n,,
,12,SmartVoting,y,,
,178,Themabijeenkomst: Wiskunde als bachelor steunvak,n,,
99,Suresh Ramsuroop,,,,
,151,e-Learning in Chemistry,n,,
,270,"Context, Problem-Based Learning (C-PBL)",n,,
,153,Teaching by Questioning,n,,
,251,Community-based Learning,n,,
,142,Virtual Laboratory in Chemical Engineering,n,,
,121,Galina Seitmagzimova,n,,
,246,Taylor Philip,n,,
,60,Bill Byers,n,,
,161,Mustafa Szbilir,n,,
,99,Chemistry Quality Eurolabels,n,,
,98,Online Support and Online Assessment for Teaching and Learning Chemistry,n,,
,247,Hana trnctov,n,,
,259,Eric Schaer,n,,
,184,Abdelkarim Bellafkih,n,,
,91,Claire McDonnell,n,,
,181,Fred Bouwer,n,,
,233,Ameen Farouk Fahmy,n,,
,119,Hans-Georg Kller,n,,
,118,Anthony Smith,n,,
,84,Silvija Markic,n,,
,96,Gustavo Avitabile,n,,
98,Marina Stojanovska,,,,
,146,Open-ended experiments,n,,
,91,Claire McDonnell,n,,
,92,Michael Seery,n,,
,159,Dragica Trivi,n,,
,149,Low-Cost Experiments,n,,
,99,Chemistry Quality Eurolabels,n,,
,98,Online Support and Online Assessment for Teaching and Learning Chemistry,n,,
,247,Hana trnctov,n,,
,186,Inge Gutschoven,n,,
,184,Abdelkarim Bellafkih,n,,
,127,Iwona Maciejowska,n,,
,161,Mustafa Szbilir,n,,
,250,Bernold Hasenknopf,n,,
,224,Vladimir Petruevski,n,,
,119,Hans-Georg Kller,n,,
,118,Anthony Smith,n,,
,84,Silvija Markic,n,,
,96,Gustavo Avitabile,n,,
91,Miltiades (Milt) Karayannis,,,,
,270,"Context, Problem-Based Learning (C-PBL)",n,,
,92,Michael Seery,n,,
,159,Dragica Trivi,n,,
,60,Bill Byers,n,,
,161,Mustafa Szbilir,n,,
,99,Chemistry Quality Eurolabels,n,,
,98,Online Support and Online Assessment for Teaching and Learning Chemistry,n,,
,247,Hana trnctov,n,,
,233,Ameen Farouk Fahmy,n,,
,254,Heinz Krebs,n,,
,184,Abdelkarim Bellafkih,n,,
,127,Iwona Maciejowska,n,,
,91,Claire McDonnell,n,,
,235,Egbert Mulder,n,,
,250,Bernold Hasenknopf,n,,
,224,Vladimir Petruevski,n,,
,231,Suresh Ramsuroop,n,,
,84,Silvija Markic,n,,
,96,Gustavo Avitabile,n,,
90,What is iThenitcate?,,,,
,11,COACH,n,,
,10,Are there ways to track this using Learning Analytics?,n,,
,12,SmartVoting,n,,
,312,Turnitin,y,"Natasa vindt van YES, zie bij Turnitin - als het goed is komt het vanzelf goed",
,311,Joris Buis,n,,
,34,Which cloud voting systems can I use?,n,,
,192,What is TurnitIn?,y,Natasa vindt van YES,
,171,Peer-assessment,n,dit is een tag,
93,Susan Voogd,,,,
,11,COACH,n,,
,10,Are there ways to track this using Learning Analytics?,n,,
,12,SmartVoting,n,,
,262,Emilia Bertolo,n,,
,312,Turnitin,n,,
,238,Christel Verberg,n,,
,115,Werken jullie ook met Starfish,n,,
,271,Lets Improve Our Assessment Competences (LIOAC),n,,
,261,Chris Blom,n,,
,168,Monique Diks,n,,
,134,Paola Ambrogi,n,,
,137,STEEP: Supporting Technology Enhanced Education Projects,n,,
,285,Test,n,,
,171,Peer-assessment,n,,
92,Teaching with Analogies (Methaphors),,,,
,151,e-Learning in Chemistry,n,,
,153,Teaching by Questioning,n,,
,155,Lecture Demonstrations,n,,
,154,Incomplete Hand-outs,n,,
,140,Lecture Breaks,n,,
,141,Oral presentations,n,,
,99,Chemistry Quality Eurolabels,n,,
,98,Online Support and Online Assessment for Teaching and Learning Chemistry,n,,
,276,Sape Kinderman,n,,
,224,Vladimir Petruevski,n,,
,119,Hans-Georg Kller,n,,
,118,Anthony Smith,n,,
,84,Silvija Markic,n,,
,96,Gustavo Avitabile,n,,
95,Floris van Lieshout,,,,
,24,Shakespeak - FNWI,n,,
,150,Interactive lecturing,n,,
,12,SmartVoting,n,,
,157,FlippedClassroom,n,,
,211,Stemkastjes - Clickers: Faculty of Science Uva,n,,
,31,Workshop Stemmen tijdens college,n,,
,45,TPACK - E-Learning Cookbook,n,,
,137,STEEP: Supporting Technology Enhanced Education Projects,n,,
,169,N. Brouwer-Zupancic,n,,
,69,Knowledge clips for active learning,n,,
,250,Bernold Hasenknopf,n,,
,92,Michael Seery,n,,
,78,Interactieve Bta Leeromgeving (IBL),n,,
94,Jeroen Goedkoop,,,,
,11,COACH,n,,
,10,Are there ways to track this using Learning Analytics?,n,,
,12,SmartVoting,n,,
97,Vladimir Petruevski,,,,
,146,Open-ended experiments,n,,
,250,Bernold Hasenknopf,n,,
,142,Virtual Laboratory in Chemical Engineering,n,,
,159,Dragica Trivi,n,,
,194,Miltiades (Milt) Karayannis,n,,
,196,Teaching with Analogies (Methaphors),n,,
,149,Low-Cost Experiments,n,,
,99,Chemistry Quality Eurolabels,n,,
,98,Online Support and Online Assessment for Teaching and Learning Chemistry,n,,
,247,Hana trnctov,n,,
,186,Inge Gutschoven,n,,
,184,Abdelkarim Bellafkih,n,,
,161,Mustafa Szbilir,n,,
,155,Lecture Demonstrations,n,,
,230,Marina Stojanovska,n,,
,92,Michael Seery,n,,
,119,Hans-Georg Kller,n,,
,118,Anthony Smith,n,,
,84,Silvija Markic,n,,
,96,Gustavo Avitabile,n,,
96,Stemkastjes - Clickers: Faculty of Science,UvA,,,
,151,e-Learning in Chemistry,n,,
,31,Workshop Stemmen tijdens college,y,Natasa vindt van Yes omdat dit een relevante info was voor deze workshop,
,157,FlippedClassroom,n,Natasa vindt van NO - het is een tag die elkaar verbindt ,
,242,Jorn Blom,n,,
11,Online Schakelen,,,,
,151,e-Learning in Chemistry,n,,
,150,Interactive lecturing,n,,
,39,Tentamenlade2.5,n,,
,38,BRAVO,n,,
,153,Teaching by Questioning,n,,
,36,Module Supervising Students in Distance Learning,y,Natasa vindt van YES - zie boven,
,29,Formatieve meerkeuze toetsen om begin kennisniveau te toetsen,n,,
,12,SmartVoting,n,,
,178,Themabijeenkomst: Wiskunde als bachelor steunvak,n,,
,102,Is there an English version in Tentamenlade?,n,,
,69,Knowledge clips for active learning,y,er zijn kennisclips voor Pre-master modules gemaakt,
,81,Webcolleges (UvA),n,,
,90,Tentamenlade Natuurkunde,n,,
,154,Incomplete Hand-outs,n,,
10,Andrea Haker,,,,
,91,Claire McDonnell,n,,
,38,BRAVO,n,,
,157,FlippedClassroom,n,,
,186,Inge Gutschoven,n,,
,28,Shirly Berends-Montero Quesada,n,,
,264,Labster,n,,
,191,WebEx,n,,
,36,Module Supervising Students in Distance Learning,n,,
,29,Formatieve meerkeuze toetsen om begin kennisniveau te toetsen,n,,
,45,TPACK - E-Learning Cookbook,n,,
,98,Online Support and Online Assessment for Teaching and Learning Chemistry,n,,
,137,STEEP: Supporting Technology Enhanced Education Projects,n,,
,178,Themabijeenkomst: Wiskunde als bachelor steunvak,n,,
,102,Is there an English version in Tentamenlade?,n,,
,69,Knowledge clips for active learning,n,,
,235,Egbert Mulder,n,,
,81,Webcolleges (UvA),n,,
,118,Anthony Smith,n,,
,250,Bernold Hasenknopf,n,,
13,Clickers not working?,,,,
,24,Shakespeak - FNWI,n,,
,153,Teaching by Questioning,n,,
,152,Think-pair-share,n,,
,155,Lecture Demonstrations,n,,
,140,Lecture Breaks,n,,
,22,Can I use different types of clickers in the same voting session?,y,Natasa vindt van Yes - de vragen passen bij elkaar,
,32,Hoe exporteer ik de data na een stemsesstie met clickers?,y,Natasa vindt van Yes - de vragen passen bij elkaar,
,242,Jorn Blom,m,deze vraag is relevant ook voor de AMC - ze gebruiken hetzelfde systeem. Jorn is bij AMC miscchien de contactpersoon maar misschien ook niet,
,26,Werkcollege met stemkastjes,y,Natasa vindt van YES,
,112,Workskop Activerend college met inzet van ICT,m,de link kan ook alleen via Stemkastjes die wel gelinkd is. ,
,250,Bernold Hasenknopf,n,,
,154,Incomplete Hand-outs,n,,
12,Can I use different types of clickers in the same voting session?,,,,
,24,Shakespeak - FNWI,n,,
,153,Teaching by Questioning,n,,
,152,Think-pair-share,n,,
,23,Clickers not working?,y,zie ID 13,
,32,Hoe exporteer ik de data na een stemsesstie met clickers?,y,Zie ID 13,
,26,Werkcollege met stemkastjes,m,de link kan ook alleen via Stemkastjes die wel gelinkd is aan de vraag. ,
,89,How can I Ask a question?,n,,
,112,Workskop Activerend college met inzet van ICT,m,zie ID 13,
,250,Bernold Hasenknopf,n,,
15,Werkcollege met stemkastjes,,,,
,24,Shakespeak - FNWI,n,,
,27,Centrale inleverplek voor open opdrachen - analyse van de antwoorden door de docent,n,,
,157,FlippedClassroom,n,dat is een tag,
,207,Jeroen Goedkoop,n,,
,43,Weblectures in AI,n,,
,29,Formatieve meerkeuze toetsen om begin kennisniveau te toetsen,n,,
,12,SmartVoting,y,Natasa vindt van YES - er is een verbinding tussen de GP en dit project,
,178,Themabijeenkomst: Wiskunde als bachelor steunvak,n,,
,90,Tentamenlade Natuurkunde,n,,
14,Shakespeak - FNWI,,,,
,26,Werkcollege met stemkastjes,n,Natasa vindt van NO - in de GP is geen Shakespeak gebruikt. De link is gemaakt via de P tag voting ,
,152,Think-pair-share,n,Natasa vindt van NO - in de GP is geen Shakespeak gebruikt. De link is gemaakt via de P tag voting en T tag stemkastjes,
,153,Teaching by Questioning,n,Natasa vindt van NO - in de GP is geen Shakespeak gebruikt. De link is gemaakt via de P tag voting en T tag stemkastjes,
,242,Jorn Blom,n,,
,112,Workskop Activerend college met inzet van ICT,y,Natasa vindt van YES - vreemd dat de link niet al is gemaakt,
17,Shirly Berends-Montero Quesada,,,,
,38,BRAVO,n,,
,20,Andrea Haker,n,,
,21,Online Schakelen,n,,
,22,Can I use different types of clickers in the same voting session?,n,,
,31,Workshop Stemmen tijdens college,n,,
,42,Arnoud Visser,n,,
,78,Interactieve Bta Leeromgeving (IBL),n,,
,34,Which cloud voting systems can I use?,n,,
,98,Online Support and Online Assessment for Teaching and Learning Chemistry,n,,
,12,SmartVoting,n,,
,169,N. Brouwer-Zupancic,n,,
,178,Themabijeenkomst: Wiskunde als bachelor steunvak,n,,
,102,Is there an English version in Tentamenlade?,n,,
,69,Knowledge clips for active learning,n,,
,81,Webcolleges (UvA),n,,
,90,Tentamenlade Natuurkunde,n,,
,65,Hazel J. Wilkins,n,,
16,Centrale inleverplek voor open opdrachen - analyse van de antwoorden door de docent,,,,
,150,Interactive lecturing,n,,
,319,TurnitIn licence at the UvA,n,Natasa vindt van NO,
,21,Online Schakelen,n,,
,207,Jeroen Goedkoop,n,,
,141,Oral presentations,n,,
,312,Turnitin,n,Natasa vindt van NO,
,31,Workshop Stemmen tijdens college,n,,
,178,Themabijeenkomst: Wiskunde als bachelor steunvak,n,,
,42,Arnoud Visser,n,,
,43,Weblectures in AI,n,,
,29,Formatieve meerkeuze toetsen om begin kennisniveau te toetsen,n,,
,60,Bill Byers,n,,
,26,Werkcollege met stemkastjes,n,,
,158,Peer-instruction,n,,
,112,Workskop Activerend college met inzet van ICT,n,,
19,Workshop Stemmen tijdens college,,,,
,27,Centrale inleverplek voor open opdrachen - analyse van de antwoorden door de docent,n,,
,207,Jeroen Goedkoop,n,,
,211,Stemkastjes - Clickers: Faculty of Science UvA,Y,,
,178,Themabijeenkomst: Wiskunde als bachelor steunvak,n,,
,43,Weblectures in AI,n,,
,29,Formatieve meerkeuze toetsen om begin kennisniveau te toetsen,n,,
,12,SmartVoting,m,dat is misschien zinvol eenrichting van project naar event en niet andersom ,
,112,Workskop Activerend college met inzet van ICT,m,de workshops zijn afleveringen van elkaar - Natasa vindt van NO - ze moeten genoeg verbonden zijn via de tags ,
18,Formatieve meerkeuze toetsen om begin kennisniveau te toetsen,,,,
,26,Werkcollege met stemkastjes,n,,
,38,BRAVO,n,,
,20,Andrea Haker,n,,
,21,Online Schakelen,n,,
,207,Jeroen Goedkoop,n,,
,31,Workshop Stemmen tijdens college,n,,
,112,Workskop Activerend college met inzet van ICT,n,,
,43,Weblectures in AI,n,,
,27,Centrale inleverplek voor open opdrachen - analyse van de antwoorden door de docent,n,,
,178,Themabijeenkomst: Wiskunde als bachelor steunvak,n,,
,102,Is there an English version in Tentamenlade?,n,,
,69,Knowledge clips for active learning,n,,
,81,Webcolleges (UvA),n,,
,90,Tentamenlade Natuurkunde,n,,
117,Joris Buis,,,,
,11,COACH,n,,
,10,Are there ways to track this using Learning Analytics?,n,,
,12,SmartVoting,n,,
,159,Dragica Trivi,n,,
,247,Hana trnctov,n,,
,259,Eric Schaer,n,,
,127,Iwona Maciejowska,n,,
,251,Community-based Learning,n,,
,92,Michael Seery,n,,
,78,Interactieve Bta Leeromgeving (IBL),n,,
116,Procwise - demonstratie,,,,
,11,COACH,n,,
,10,Are there ways to track this using Learning Analytics?,n,,
,203,Susan Voogd,n,,
,12,SmartVoting,n,,
,142,Virtual Laboratory in Chemical Engineering,n,,
,21,Online Schakelen,n,,
,98,Online Support and Online Assessment for Teaching and Learning Chemistry,n,,
,151,e-Learning in Chemistry,n,,
,137,STEEP: Supporting Technology Enhanced Education Projects,n,,
,271,Lets Improve Our Assessment Competences (LIOAC),n,,
,168,Monique Diks,n,,
,254,Heinz Krebs,n,,
,69,Knowledge clips for active learning,n,,
,111,Videoconferencing using WebEx at UvA,n,,
,173,De toetscyclus,n,,
,171,Peer-assessment,n,,
48,Workskop Activerend college met inzet van ICT,,,,
,24,Shakespeak - FNWI,y,,
,27,Centrale inleverplek voor open opdrachen - analyse van de antwoorden door de docent,n,,
,207,Jeroen Goedkoop,n,,
,31,Workshop Stemmen tijdens college,m,Natasa vindt van NO,
,43,Weblectures in AI,n,,
,29,Formatieve meerkeuze toetsen om begin kennisniveau te toetsen,n,,
,12,SmartVoting,n,Natasa vindt van NO - eenrichting link van project naar event zou mogelijk zijn,
,178,Themabijeenkomst: Wiskunde als bachelor steunvak,n,,
49,SALIS,,,"SALIS is een project van een van ECTN mensen, het is geen ECTN project - Natasa vindt: de tags doen het werk de links naar de artikelen die niet aan project zijn gebonden zijn niet zinvol ",
,146,Open-ended experiments,n,,
,147,Journalist Method,n,,
,151,e-Learning in Chemistry,n,,
,251,Community-based Learning,n,,
,142,Virtual Laboratory in Chemical Engineering,n,,
,154,Incomplete Hand-outs,n,,
,140,Lecture Breaks,n,,
,150,Interactive lecturing,n,,
,161,Mustafa Szbilir,n,,
,60,Bill Byers,n,,
,98,Online Support and Online Assessment for Teaching and Learning Chemistry,n,,
,137,STEEP: Supporting Technology Enhanced Education Projects,n,,
,276,Sape Kinderman,n,,
,91,Claire McDonnell,n,,
,96,Gustavo Avitabile,n,,
,118,Anthony Smith,n,,
,255,Gebrekidan Tesfamariam,n,,
46,Paul Yates,,,,
,154,Incomplete Hand-outs,n,,
,140,Lecture Breaks,n,,
,141,Oral presentations,n,,
,127,Iwona Maciejowska,n,,
,233,Ameen Farouk Fahmy,n,,
,99,Chemistry Quality Eurolabels,n,,
,98,Online Support and Online Assessment for Teaching and Learning Chemistry,n,,
,186,Inge Gutschoven,n,,
,276,Sape Kinderman,n,,
,134,Paola Ambrogi,n,,
,129,Pita Vandevelde,n,,
,139,Learning on Stations,n,,
,92,Michael Seery,n,,
,118,Anthony Smith,n,,
,84,Silvija Markic,n,,
,96,Gustavo Avitabile,n,,
86,Inge Gutschoven,,,,
,146,Open-ended experiments,n,,
,151,e-Learning in Chemistry,n,,
,145,Student portfolio,n,,
,143,Workbook on Organic Chemistry,n,,
,60,Bill Byers,n,,
,149,Low-Cost Experiments,n,,
,99,Chemistry Quality Eurolabels,n,,
,98,Online Support and Online Assessment for Teaching and Learning Chemistry,n,,
,254,Heinz Krebs,n,,
,65,Hazel J. Wilkins,n,,
,184,Abdelkarim Bellafkih,n,,
,91,Claire McDonnell,n,,
,129,Pita Vandevelde,n,,
,250,Bernold Hasenknopf,n,,
,233,Ameen Farouk Fahmy,n,,
,119,Hans-Georg Kller,n,,
,118,Anthony Smith,n,,
,84,Silvija Markic,n,,
,96,Gustavo Avitabile,n,,
44,Could you add a link to the open source code?,,,,
,11,COACH,n,,
,10,Are there ways to track this using Learning Analytics?,n,,
,153,Teaching by Questioning,n,,
,12,SmartVoting,n,,
,154,Incomplete Hand-outs,n,,
,147,Journalist Method,n,,
,211,Stemkastjes - Clickers: Faculty of Science UvA,n,,
,76,Is there a project document / proposal available?,n,,
,111,Videoconferencing using WebEx at UvA,n,,
,24,Shakespeak - FNWI,n,,
45,Is there an English version in Tentamenlade?,,,,
,39,Tentamenlade2.5,y,Natasa vindt van Yes,
,38,BRAVO,n,,
,20,Andrea Haker,n,,
,21,Online Schakelen,n,,
,28,Shirly Berends-Montero Quesada,n,,
,29,Formatieve meerkeuze toetsen om begin kennisniveau te toetsen,n,,
,132,Hoe kan ik inloggen in Tentamenlade?,y,Natasa vindt van Yes - de vragen passen bij elkaar,
,131,Hoe kan ik inloggen in Tentamenlade?,y,Natasa vindt van Yes - de vragen passen ij elkaar,
,178,Themabijeenkomst: Wiskunde als bachelor steunvak,n,,
,69,Knowledge clips for active learning,n,,
,81,Webcolleges (UvA),n,,
,173,De toetscyclus,n,,
,153,Teaching by Questioning,n,,
,154,Incomplete Hand-outs,n,,
42,Online Support and Online Assessment for Teaching and Learning Chemistry,,,,
,60,Bill Byers,y,hij is de editot van het boek waar het hoofdstuk in zit,
,251,Community-based Learning,n,,
,65,Hazel J. Wilkins,y,ze heeft een bijdrage aan het hoofdstuk gegeven,
,99,Chemistry Quality Eurolabels,n,,
,262,Emilia Bertolo,n,,
,137,STEEP: Supporting Technology Enhanced Education Projects,n,,
,84,Silvija Markic,n,,
,276,Sape Kinderman,n,,
,134,Paola Ambrogi,n,,
,250,Bernold Hasenknopf,n,,
,92,Michael Seery,n,,
,119,Hans-Georg Kller,n,,
,118,Anthony Smith,n,,
,171,Peer-assessment,n,,
,96,Gustavo Avitabile,n,,
43,Chemistry Quality Eurolabels,,,,
,154,Incomplete Hand-outs,n,,
,140,Lecture Breaks,n,,
,60,Bill Byers,n,,
,98,Online Support and Online Assessment for Teaching and Learning Chemistry,n,,
,65,Hazel J. Wilkins,n,,
,276,Sape Kinderman,n,,
,91,Claire McDonnell,n,,
,92,Michael Seery,n,,
,119,Hans-Georg Kller,n,,
,118,Anthony Smith,Y,projectleider van ECTN,
,84,Silvija Markic,n,,
,96,Gustavo Avitabile,n,,
40,Michael Seery,,,,
,60,Bill Byers,n,,
,155,Lecture Demonstrations,n,,
,154,Incomplete Hand-outs,n,,
,140,Lecture Breaks,n,,
,262,Emilia Bertolo,n,,
,98,Online Support and Online Assessment for Teaching and Learning Chemistry,n,,
,270,Context Problem-Based Learning (C-PBL),n,,
,121,Galina Seitmagzimova,n,,
,247,Hana trnctov,n,,
,246,Taylor Philip,n,,
,274,Christine O'Connor,n,,
,65,Hazel J. Wilkins,n,,
,184,Abdelkarim Bellafkih,n,,
,127,Iwona Maciejowska,n,,
,91,Claire McDonnell,n,,
,250,Bernold Hasenknopf,n,,
,251,Community-based Learning,n,,
,161,Mustafa Szbilir,n,,
87,Marielle van Staalen,,,,
,11,COACH,n,,
,10,Are there ways to track this using Learning Analytics?,n,,
,12,SmartVoting,n,,
1,Andre Heck,,,,
,39,Tentamenlade2.5,y,"hij had een rol bij het project, bij dit project kan Yes omdat het team klein was. Bij grote projecten kan dat lastig worden. ",
,92,Michael Seery,n,,
,20,Andrea Haker,n,,
,21,Online Schakelen,n,,
,210,Floris van Lieshout,n,,
,42,Arnoud Visser,n,,
,29,Formatieve meerkeuze toetsen om begin kennisniveau te toetsen,n,,
,137,STEEP: Supporting Technology Enhanced Education Projects,n,,
,169,N. Brouwer-Zupancic,n,,
,102,Is there an English version in Tentamenlade?,n,,
,69,Knowledge clips for active learning,n,hij is te vinden via de tag - naar BRAVO,
,81,Webcolleges (UvA),n,,
,119,Hans-Georg Kller,n,,
,161,Mustafa Szbilir,n,,
5,Hoe kan ik aan stemkastjes komen?,,,,
,24,Shakespeak - FNWI,n,Natasa vindt van NO,
,153,Teaching by Questioning,n,,
,152,Think-pair-share,n,,
,22,Can I use different types of clickers in the same voting session?,y,de vragen zijn met elkaar inhoudelijk verbonden,
,23,Clickers not working?,y,,
,32,Hoe exporteer ik de data na een stemsesstie met clickers?,y,,
,43,Weblectures in AI,n,,
,29,Formatieve meerkeuze toetsen om begin kennisniveau te toetsen,n,,
,132,Hoe kan ik inloggen in Tentamenlade?,n,,
,131,Hoe kan ik inloggen in Tentamenlade?,n,,
,112,Workskop Activerend college met inzet van ICT,n,,
,90,Tentamenlade Natuurkunde,n,,
,250,Bernold Hasenknopf,n,,
9,Sander Latour,,,,
,11,COACH,Y!!!!!!!!!!!,In alle bescheidenheid,
,150,Interactive lecturing,n,,
,151,e-Learning in Chemistry,n,,
,38,BRAVO,n,,
,154,Incomplete Hand-outs,n,,
,98,Online Support and Online Assessment for Teaching and Learning Chemistry,n,,
,153,Teaching by Questioning,n,,
,60,Bill Byers,n,,
,76,Is there a project document / proposal available?,y,,
,137,STEEP: Supporting Technology Enhanced Education Projects,y,,
,178,Themabijeenkomst: Wiskunde als bachelor steunvak,n,,
,92,Michael Seery,n,,
77,FlippedClassroom,,,,
,24,Shakespeak - FNWI,n,Natasa vindt van NO. Natasa heeft een T tag CloudVotingSystems toegevoegd aan Flipped classroom,
,151,e-Learning in Chemistry,n,,
,26,Werkcollege met stemkastjes,n,"Natasa vindt van NO. het is niet nodig. Er is een P tag Flipped classroom. Als je erop klikt krijg je de Glossary Flipped classroom. 
een regel zou kunnen zijn: geen naar glossires - dat kan allemaal via tags. Uitzindering kunnen de links zijn bij de glossaries die onderling in een hierarchy liggen. Bijvoorbeeld in de Glossary Group work is de See also link Project based learning en vice versa. Glossary GroupWork en ProjectBAsedLearning zijn nog niet geschreven. ",
,211,Stemkastjes - Clickers: Faculty of Science UvA,n,"Natasa vindt van NO. dat zou een verdubbeliong zijn. De link is via GP en via de tag stemkastjes, voting, etc... ",
,158,Peer-instruction,n,Natasa twijfelt ook: Peer-instruction is een logisch onderdeel van Flipped-classrom maar niet noodzakelijk. We hebben nu een P tag peer-instruction en een link is vis de GP. Misschien zou beter dan de p tag een See also link zijn. Allebei is verdubbeling.  ,
,31,Workshop Stemmen tijdens college,n,Natasa vind van NO - er is al een P tag - het zou verdubbeling zijn. Natasa heeft link Shakespeak-FNWI toegevoegd. ,
,242,Jorn Blom,n,,
,69,Knowledge clips for active learning,n,"Natasa vindt van NO, behalve misschien in een richting: van glossary naar project. Flipped classroom is de onderwijsmethode in het project Kennisclips. Daar staat een tag en hiermee de link naar het artikel. De link zou dubbel op zijn.  ",
76,Lecture Demonstrations,,,,
,151,e-Learning in Chemistry,n,,
,150,Interactive lecturing,m,dat zijn tween verwante methodes ,
,153,Teaching by Questioning,n,,
,154,Incomplete Hand-outs,n,,
,140,Lecture Breaks,n,,
,262,Emilia Bertolo,n,,
,149,Low-Cost Experiments,n,,
,121,Galina Seitmagzimova,n,,
,247,Hana trnctov,n,,
,274,Christine O'Connor,n,,
,65,Hazel J. Wilkins,n,,
,276,Sape Kinderman,n,,
,91,Claire McDonnell,n,,
,118,Anthony Smith,n,,
75,Incomplete Hand-outs,,,,
,151,e-Learning in Chemistry,n,,
,153,Teaching by Questioning,n,,
,155,Lecture Demonstrations,n,,
,140,Lecture Breaks,n,,
,262,Emilia Bertolo,n,,
,121,Galina Seitmagzimova,n,,
,247,Hana trnctov,n,,
,274,Christine O'Connor,n,,
,65,Hazel J. Wilkins,n,,
,276,Sape Kinderman,n,,
,91,Claire McDonnell,n,,
,118,Anthony Smith,n,,
,96,Gustavo Avitabile,n,,
74,Teaching by Questioning,,,,
,151,e-Learning in Chemistry,n,,
,152,Think-pair-share,m,"think-pair-share kan als teaching bij questioning gezien worden, anders om is niet altijd",
,154,Incomplete Hand-outs,n,,
,140,Lecture Breaks,n,,
,158,Peer-instruction,m,"Peer-instruction kan als teaching bij questioning gezien worden, andersom is dit niet",
,276,Sape Kinderman,n,,
,250,Bernold Hasenknopf,n,,
,118,Anthony Smith,n,,
73,Think-pair-share,,,,
,24,Shakespeak - FNWI,n,,
,151,e-Learning in Chemistry,n,,
,153,Teaching by Questioning,m,zie ID 74,
,12,SmartVoting,n,,
,31,Workshop Stemmen tijdens college,n,,
,26,Werkcollege met stemkastjes,n,,
,250,Bernold Hasenknopf,n,,
72,e-Learning in Chemistry,,,,
,150,Interactive lecturing,n,,
,153,Teaching by Questioning,n,,
,154,Incomplete Hand-outs,n,,
,140,Lecture Breaks,n,,
,99,Chemistry Quality Eurolabels,n,,
,65,Hazel J. Wilkins,n,,
,276,Sape Kinderman,n,,
,119,Hans-Georg Kller,n,,
,118,Anthony Smith,n,,
,84,Silvija Markic,n,,
71,Interactive lecturing,,,,
,151,e-Learning in Chemistry,n,,
,250,Bernold Hasenknopf,n,,
,92,Michael Seery,n,,
,155,Lecture Demonstrations,m,"lecture demonstrations zijn interactive teaching, andersom niet ",
,149,Low-Cost Experiments,n,,
70,Low-Cost Experiments,,,,
,146,Open-ended experiments,n,,
,151,e-Learning in Chemistry,n,,
,153,Teaching by Questioning,n,,
,155,Lecture Demonstrations,n,,
,154,Incomplete Hand-outs,n,,
,230,Marina Stojanovska,n,,
,99,Chemistry Quality Eurolabels,n,,
,98,Online Support and Online Assessment for Teaching and Learning Chemistry,n,,
,186,Inge Gutschoven,n,,
,65,Hazel J. Wilkins,n,,
,184,Abdelkarim Bellafkih,n,,
,224,Vladimir Petruevski,n,,
,119,Hans-Georg Kller,n,,
,118,Anthony Smith,n,,
,96,Gustavo Avitabile,n,,
79,Dragica Trivi,,,,
,270,Context Problem-Based Learning (C-PBL),n,,
,144,Group projects,n,,
,92,Michael Seery,n,,
,262,Emilia Bertolo,n,,
,230,Marina Stojanovska,n,,
,134,Paola Ambrogi,n,,
,60,Bill Byers,n,,
,161,Mustafa Szbilir,n,,
,99,Chemistry Quality Eurolabels,n,,
,98,Online Support and Online Assessment for Teaching and Learning Chemistry,n,,
,247,Hana trnctov,n,,
,246,Taylor Philip,n,,
,184,Abdelkarim Bellafkih,n,,
,127,Iwona Maciejowska,n,,
,91,Claire McDonnell,n,,
,250,Bernold Hasenknopf,n,,
,224,Vladimir Petruevski,n,,
,119,Hans-Georg Kller,n,,
,118,Anthony Smith,n,,
,84,Silvija Markic,n,,
,96,Gustavo Avitabile,n,,
78,Peer-instruction,,,,
,24,Shakespeak - FNWI,n,dit is gelinked vis de tags over voting.,
,153,Teaching by Questioning,m,in een richting; liever oplossen met tags,
,26,Werkcollege met stemkastjes,n,Natasa vindt van NO - er is een tag op de GP naar Peer-instruction. Dat zou verdubbeling zijn. In een richting van P glossary naar GP zou wel misschien zinvol zijn. ,
,250,Bernold Hasenknopf,n,,
,157,FlippedClassroom,m,er is een verband tussen de twee.. Flipped classroom kan peer-instructon als onderdeel hebben andersom geld het niet.,
47,Videoconferencing using WebEx at UvA,,,,
,151,e-Learning in Chemistry,n,,
,150,Interactive lecturing,n,,
,153,Teaching by Questioning,n,,
,24,Shakespeak - FNWI,n,,
,210,Floris van Lieshout,n,,
,141,Oral presentations,n,,
,159,Dragica Trivi,n,,
,211,Stemkastjes - Clickers: Faculty of Science UvA,n,,
,36,Module Supervising Students in Distance Learning,y,Natasa vindt van YES,
,262,Emilia Bertolo,n,,
,12,SmartVoting,n,,
,127,Iwona Maciejowska,n,,
,81,Webcolleges (UvA),n,Natasa vind van NO,
,257,Bas Giesbers,n,,
,233,Ameen Farouk Fahmy,n,,